[{"model": "admin.logentry", "pk": 1, "fields": {"action_time": "2024-05-27T07:50:21.530Z", "user": 1, "content_type": 8, "object_id": "1", "object_repr": "admin", "action_flag": 2, "change_message": "[{\"changed\": {\"fields\": [\"First name\", \"Last name\", \"Role\"]}}]"}}, {"model": "admin.logentry", "pk": 2, "fields": {"action_time": "2024-05-27T07:55:12.765Z", "user": 1, "content_type": 7, "object_id": "3", "object_repr": "Restaurant object (3)", "action_flag": 2, "change_message": "[]"}}, {"model": "admin.logentry", "pk": 3, "fields": {"action_time": "2024-05-27T07:55:32.706Z", "user": 1, "content_type": 7, "object_id": "4", "object_repr": "Restaurant object (4)", "action_flag": 1, "change_message": "[{\"added\": {}}]"}}, {"model": "auth.permission", "pk": 1, "fields": {"name": "Can add log entry", "content_type": 1, "codename": "add_logentry"}}, {"model": "auth.permission", "pk": 2, "fields": {"name": "Can change log entry", "content_type": 1, "codename": "change_logentry"}}, {"model": "auth.permission", "pk": 3, "fields": {"name": "Can delete log entry", "content_type": 1, "codename": "delete_logentry"}}, {"model": "auth.permission", "pk": 4, "fields": {"name": "Can view log entry", "content_type": 1, "codename": "view_logentry"}}, {"model": "auth.permission", "pk": 5, "fields": {"name": "Can add permission", "content_type": 2, "codename": "add_permission"}}, {"model": "auth.permission", "pk": 6, "fields": {"name": "Can change permission", "content_type": 2, "codename": "change_permission"}}, {"model": "auth.permission", "pk": 7, "fields": {"name": "Can delete permission", "content_type": 2, "codename": "delete_permission"}}, {"model": "auth.permission", "pk": 8, "fields": {"name": "Can view permission", "content_type": 2, "codename": "view_permission"}}, {"model": "auth.permission", "pk": 9, "fields": {"name": "Can add group", "content_type": 3, "codename": "add_group"}}, {"model": "auth.permission", "pk": 10, "fields": {"name": "Can change group", "content_type": 3, "codename": "change_group"}}, {"model": "auth.permission", "pk": 11, "fields": {"name": "Can delete group", "content_type": 3, "codename": "delete_group"}}, {"model": "auth.permission", "pk": 12, "fields": {"name": "Can view group", "content_type": 3, "codename": "view_group"}}, {"model": "auth.permission", "pk": 13, "fields": {"name": "Can add content type", "content_type": 4, "codename": "add_contenttype"}}, {"model": "auth.permission", "pk": 14, "fields": {"name": "Can change content type", "content_type": 4, "codename": "change_contenttype"}}, {"model": "auth.permission", "pk": 15, "fields": {"name": "Can delete content type", "content_type": 4, "codename": "delete_contenttype"}}, {"model": "auth.permission", "pk": 16, "fields": {"name": "Can view content type", "content_type": 4, "codename": "view_contenttype"}}, {"model": "auth.permission", "pk": 17, "fields": {"name": "Can add session", "content_type": 5, "codename": "add_session"}}, {"model": "auth.permission", "pk": 18, "fields": {"name": "Can change session", "content_type": 5, "codename": "change_session"}}, {"model": "auth.permission", "pk": 19, "fields": {"name": "Can delete session", "content_type": 5, "codename": "delete_session"}}, {"model": "auth.permission", "pk": 20, "fields": {"name": "Can view session", "content_type": 5, "codename": "view_session"}}, {"model": "auth.permission", "pk": 21, "fields": {"name": "Can add menu item", "content_type": 6, "codename": "add_menuitem"}}, {"model": "auth.permission", "pk": 22, "fields": {"name": "Can change menu item", "content_type": 6, "codename": "change_menuitem"}}, {"model": "auth.permission", "pk": 23, "fields": {"name": "Can delete menu item", "content_type": 6, "codename": "delete_menuitem"}}, {"model": "auth.permission", "pk": 24, "fields": {"name": "Can view menu item", "content_type": 6, "codename": "view_menuitem"}}, {"model": "auth.permission", "pk": 25, "fields": {"name": "Can add restaurant", "content_type": 7, "codename": "add_restaurant"}}, {"model": "auth.permission", "pk": 26, "fields": {"name": "Can change restaurant", "content_type": 7, "codename": "change_restaurant"}}, {"model": "auth.permission", "pk": 27, "fields": {"name": "Can delete restaurant", "content_type": 7, "codename": "delete_restaurant"}}, {"model": "auth.permission", "pk": 28, "fields": {"name": "Can view restaurant", "content_type": 7, "codename": "view_restaurant"}}, {"model": "auth.permission", "pk": 29, "fields": {"name": "Can add user", "content_type": 8, "codename": "add_user"}}, {"model": "auth.permission", "pk": 30, "fields": {"name": "Can change user", "content_type": 8, "codename": "change_user"}}, {"model": "auth.permission", "pk": 31, "fields": {"name": "Can delete user", "content_type": 8, "codename": "delete_user"}}, {"model": "auth.permission", "pk": 32, "fields": {"name": "Can view user", "content_type": 8, "codename": "view_user"}}, {"model": "auth.permission", "pk": 33, "fields": {"name": "Can add order", "content_type": 9, "codename": "add_order"}}, {"model": "auth.permission", "pk": 34, "fields": {"name": "Can change order", "content_type": 9, "codename": "change_order"}}, {"model": "auth.permission", "pk": 35, "fields": {"name": "Can delete order", "content_type": 9, "codename": "delete_order"}}, {"model": "auth.permission", "pk": 36, "fields": {"name": "Can view order", "content_type": 9, "codename": "view_order"}}, {"model": "auth.permission", "pk": 37, "fields": {"name": "Can add order item", "content_type": 10, "codename": "add_orderitem"}}, {"model": "auth.permission", "pk": 38, "fields": {"name": "Can change order item", "content_type": 10, "codename": "change_orderitem"}}, {"model": "auth.permission", "pk": 39, "fields": {"name": "Can delete order item", "content_type": 10, "codename": "delete_orderitem"}}, {"model": "auth.permission", "pk": 40, "fields": {"name": "Can view order item", "content_type": 10, "codename": "view_orderitem"}}, {"model": "auth.permission", "pk": 41, "fields": {"name": "Can add reservation", "content_type": 11, "codename": "add_reservation"}}, {"model": "auth.permission", "pk": 42, "fields": {"name": "Can change reservation", "content_type": 11, "codename": "change_reservation"}}, {"model": "auth.permission", "pk": 43, "fields": {"name": "Can delete reservation", "content_type": 11, "codename": "delete_reservation"}}, {"model": "auth.permission", "pk": 44, "fields": {"name": "Can view reservation", "content_type": 11, "codename": "view_reservation"}}, {"model": "auth.permission", "pk": 45, "fields": {"name": "Can add feedback", "content_type": 12, "codename": "add_feedback"}}, {"model": "auth.permission", "pk": 46, "fields": {"name": "Can change feedback", "content_type": 12, "codename": "change_feedback"}}, {"model": "auth.permission", "pk": 47, "fields": {"name": "Can delete feedback", "content_type": 12, "codename": "delete_feedback"}}, {"model": "auth.permission", "pk": 48, "fields": {"name": "Can view feedback", "content_type": 12, "codename": "view_feedback"}}, {"model": "contenttypes.contenttype", "pk": 1, "fields": {"app_label": "admin", "model": "logentry"}}, {"model": "contenttypes.contenttype", "pk": 2, "fields": {"app_label": "auth", "model": "permission"}}, {"model": "contenttypes.contenttype", "pk": 3, "fields": {"app_label": "auth", "model": "group"}}, {"model": "contenttypes.contenttype", "pk": 4, "fields": {"app_label": "contenttypes", "model": "contenttype"}}, {"model": "contenttypes.contenttype", "pk": 5, "fields": {"app_label": "sessions", "model": "session"}}, {"model": "contenttypes.contenttype", "pk": 6, "fields": {"app_label": "restaurant", "model": "menuitem"}}, {"model": "contenttypes.contenttype", "pk": 7, "fields": {"app_label": "restaurant", "model": "restaurant"}}, {"model": "contenttypes.contenttype", "pk": 8, "fields": {"app_label": "restaurant", "model": "user"}}, {"model": "contenttypes.contenttype", "pk": 9, "fields": {"app_label": "restaurant", "model": "order"}}, {"model": "contenttypes.contenttype", "pk": 10, "fields": {"app_label": "restaurant", "model": "orderitem"}}, {"model": "contenttypes.contenttype", "pk": 11, "fields": {"app_label": "restaurant", "model": "reservation"}}, {"model": "contenttypes.contenttype", "pk": 12, "fields": {"app_label": "restaurant", "model": "feedback"}}, {"model": "sessions.session", "pk": "e6d5itdk7ecmp2wvrjtbvuedya6gmbry", "fields": {"session_data": ".eJxVjEEOwiAUBe_C2pAPLQVcuu8ZCLxPpWpoUtqV8e6mSRe6fTPz3iLEfSthb3kNM4urUOLyu6WIZ64H4Ees90Viqds6J3ko8qRNjgvn1-10_w5KbOWowXYYkiFCVroH9b4nT8xJw0MBsHBdZ_SkHVhNWdvsB7KTMxakSXy-6f43yA:1sBV4d:BmAKw6rHO81bnNQAk5D8myoBBLammVFeNopRXDFSoB0", "expire_date": "2024-06-10T07:47:15.876Z"}}, {"model": "sessions.session", "pk": "l6fe9xffjqpnoqvgc26hmmw4f1depw3q", "fields": {"session_data": ".eJxVjEEOwiAUBe_C2pAPLQVcuu8ZCLxPpWpoUtqV8e6mSRe6fTPz3iLEfSthb3kNM4urUOLyu6WIZ64H4Ees90Viqds6J3ko8qRNjgvn1-10_w5KbOWowXYYkiFCVroH9b4nT8xJw0MBsHBdZ_SkHVhNWdvsB7KTMxakSXy-6f43yA:1sBYY4:cyeUJeiMcXiMQV6Jwekv3e-dAlCKY87TFrT2Iqg_SQY", "expire_date": "2024-06-10T11:29:52.046Z"}}, {"model": "restaurant.user", "pk": 1, "fields": {"password": "pbkdf2_sha256$720000$tJv3lFLXNQ5AtukEvs9oNw$DYquXnAeiKfoTJsH/19L3pQDEawXbjLnHYdhWcLLPPo=", "last_login": "2024-05-27T11:29:52.041Z", "is_superuser": true, "username": "admin", "email": "admin@user.com", "is_staff": true, "is_active": true, "date_joined": "2024-05-27T07:46:53Z", "first_name": "admin", "last_name": "user", "phone_number": null, "address": null, "role": "staff", "groups": [], "user_permissions": []}}, {"model": "restaurant.user", "pk": 2, "fields": {"password": "pbkdf2_sha256$720000$dXnluGNEITt244Ll8p9hHj$AOZhDaDYI7j7W78a0ME1xgGRLhfLxHVrW/6yjNGjo10=", "last_login": null, "is_superuser": false, "username": "staff", "email": "", "is_staff": false, "is_active": true, "date_joined": "2024-05-27T07:50:29.055Z", "first_name": "staff", "last_name": "user", "phone_number": null, "address": null, "role": "staff", "groups": [], "user_permissions": []}}, {"model": "restaurant.user", "pk": 3, "fields": {"password": "pbkdf2_sha256$720000$uzKkq5EH3gYeOKZhkoLvAF$KW50wUgt73AVMnJnONS7s0bA+WLQp2PHWE0JaDvAO+w=", "last_login": null, "is_superuser": false, "username": "grace.ives", "email": "", "is_staff": false, "is_active": true, "date_joined": "2024-05-27T07:51:01.763Z", "first_name": "Grace", "last_name": "Ives", "phone_number": null, "address": null, "role": "customer", "groups": [], "user_permissions": []}}, {"model": "restaurant.user", "pk": 4, "fields": {"password": "pbkdf2_sha256$720000$DeWPTKGNczb9QEPFkVMViK$n4inhzs3TPKjMAPtbcUa9GFjDUv1a6b8stvYEtWNBik=", "last_login": null, "is_superuser": false, "username": "bob.adams", "email": "", "is_staff": false, "is_active": true, "date_joined": "2024-05-27T07:53:00.506Z", "first_name": "Bob", "last_name": "Adams", "phone_number": null, "address": null, "role": "customer", "groups": [], "user_permissions": []}}, {"model": "restaurant.user", "pk": 5, "fields": {"password": "pbkdf2_sha256$720000$m5tEa4rxWhC0guvYnpQ3GS$cQq6BsK6p8pEFXWHD5U45vSWB2G9YrF1+13DeMzc+ko=", "last_login": null, "is_superuser": false, "username": "alice.brown", "email": "", "is_staff": false, "is_active": true, "date_joined": "2024-05-27T07:53:06.672Z", "first_name": "Alice", "last_name": "Brown", "phone_number": null, "address": null, "role": "customer", "groups": [], "user_permissions": []}}, {"model": "restaurant.user", "pk": 6, "fields": {"password": "pbkdf2_sha256$720000$vKOHApPNJ90pqw9LyFXymU$rp9cqymom5Bzk7jyqT3mvT3xUfL+UsTUPxcVnHZ1AD8=", "last_login": null, "is_superuser": false, "username": "charlie.davis", "email": "", "is_staff": false, "is_active": true, "date_joined": "2024-05-27T07:53:13.258Z", "first_name": "Charlie", "last_name": "Davis", "phone_number": null, "address": null, "role": "customer", "groups": [], "user_permissions": []}}, {"model": "restaurant.user", "pk": 7, "fields": {"password": "pbkdf2_sha256$720000$Wq0cTUhAcnwoVs5zZG20gV$BRxoTay4SbuIH5mowHqTwf+3qGlyBHYoUFI9y+MaB/E=", "last_login": null, "is_superuser": false, "username": "david.evans", "email": "", "is_staff": false, "is_active": true, "date_joined": "2024-05-27T07:53:19.787Z", "first_name": "David", "last_name": "Evans", "phone_number": null, "address": null, "role": "customer", "groups": [], "user_permissions": []}}, {"model": "restaurant.user", "pk": 8, "fields": {"password": "pbkdf2_sha256$720000$rPFtfRW2Ad6USB1umv60B5$sP+A/glYuPfof9MTljNR41/lx2FhYoP8XWiAjktdVC8=", "last_login": null, "is_superuser": false, "username": "eve.green", "email": "", "is_staff": false, "is_active": true, "date_joined": "2024-05-27T07:53:26.045Z", "first_name": "Eve", "last_name": "Green", "phone_number": null, "address": null, "role": "customer", "groups": [], "user_permissions": []}}, {"model": "restaurant.user", "pk": 9, "fields": {"password": "pbkdf2_sha256$720000$hFy3GyyEx3LWcHU2oPHl3t$ZFKqf0HJijraKNEOMB0j/TMM7X4OQwl4UMZjeJ3b/B4=", "last_login": null, "is_superuser": false, "username": "frank.harris", "email": "", "is_staff": false, "is_active": true, "date_joined": "2024-05-27T07:53:31.683Z", "first_name": "Frank", "last_name": "Harris", "phone_number": null, "address": null, "role": "customer", "groups": [], "user_permissions": []}}, {"model": "restaurant.restaurant", "pk": 1, "fields": {"name": "Relaxing Koala - Branch 1", "address": "123 Main St", "phone_number": "123-456-7890"}}, {"model": "restaurant.restaurant", "pk": 2, "fields": {"name": "Relaxing Koala - Branch 2", "address": "456 Elm St", "phone_number": "123-456-7890"}}, {"model": "restaurant.restaurant", "pk": 3, "fields": {"name": "Relaxing Koala - Branch 3", "address": "789 Oak St", "phone_number": "123-456-7890"}}, {"model": "restaurant.restaurant", "pk": 4, "fields": {"name": "Relaxing Koala - Branch 4", "address": "910 Ana Str", "phone_number": "1234 5678 910"}}, {"model": "restaurant.menuitem", "pk": 1, "fields": {"name": "Classic Cheeseburger", "description": "Juicy beef patty topped with melted cheddar cheese, crisp lettuce, ripe tomatoes, and tangy pickles, served on a toasted bun.", "price": "9.99", "image_upload": "", "image_url": "https://images.unsplash.com/photo-1568901346375-23c9450c58cd?q=80&w=1299&auto=format&fit=crop&ixlib=rb-4.0.3&ixid=M3wxMjA3fDB8MHxwaG90by1wYWdlfHx8fGVufDB8fHx8fA%3D%3D", "restaurant": 1}}, {"model": "restaurant.menuitem", "pk": 2, "fields": {"name": "Spaghetti Bolognese", "description": "Al dente spaghetti noodles smothered in savory homemade Bolognese sauce, garnished with freshly grated Parmesan cheese.", "price": "12.99", "image_upload": "", "image_url": "https://images.unsplash.com/photo-1572441713132-c542fc4fe282?q=80&w=1064&auto=format&fit=crop&ixlib=rb-4.0.3&ixid=M3wxMjA3fDB8MHxwaG90by1wYWdlfHx8fGVufDB8fHx8fA%3D%3D", "restaurant": 1}}, {"model": "restaurant.menuitem", "pk": 3, "fields": {"name": "Grilled Chicken Caesar Salad", "description": "Tender grilled chicken breast slices served over crisp romaine lettuce, tossed in creamy Caesar dressing, topped with crunchy croutons and Parmesan cheese.", "price": "10.99", "image_upload": "", "image_url": "https://images.unsplash.com/photo-1604909052743-94e838986d24?q=80&w=1160&auto=format&fit=crop&ixlib=rb-4.0.3&ixid=M3wxMjA3fDB8MHxwaG90by1wYWdlfHx8fGVufDB8fHx8fA%3D%3D", "restaurant": 1}}, {"model": "restaurant.menuitem", "pk": 4, "fields": {"name": "Margherita Pizza", "description": "Traditional thin-crust pizza topped with tangy tomato sauce, fresh mozzarella cheese, fragrant basil leaves, and a drizzle of olive oil.", "price": "11.99", "image_upload": "", "image_url": "https://images.unsplash.com/photo-1574071318508-1cdbab80d002?q=80&w=1169&auto=format&fit=crop&ixlib=rb-4.0.3&ixid=M3wxMjA3fDB8MHxwaG90by1wYWdlfHx8fGVufDB8fHx8fA%3D%3D", "restaurant": 1}}, {"model": "restaurant.menuitem", "pk": 5, "fields": {"name": "Crispy Chicken Tenders", "description": "Crispy breaded chicken tenderloins served with your choice of dipping sauce.", "price": "8.99", "image_upload": "", "image_url": "https://plus.unsplash.com/premium_photo-1667683471745-2327853febc1?q=80&w=1170&auto=format&fit=crop&ixlib=rb-4.0.3&ixid=M3wxMjA3fDB8MHxwaG90by1wYWdlfHx8fGVufDB8fHx8fA%3D%3D", "restaurant": 1}}, {"model": "restaurant.menuitem", "pk": 6, "fields": {"name": "Vegetable Stir-Fry", "description": "Assorted fresh vegetables stir-fried to perfection in a flavorful sauce, served over steamed rice.", "price": "10.99", "image_upload": "", "image_url": "https://images.unsplash.com/photo-1516901121982-4ba280115a36?q=80&w=1171&auto=format&fit=crop&ixlib=rb-4.0.3&ixid=M3wxMjA3fDB8MHxwaG90by1wYWdlfHx8fGVufDB8fHx8fA%3D%3D", "restaurant": 1}}, {"model": "restaurant.menuitem", "pk": 7, "fields": {"name": "Grilled Salmon Fillet", "description": "Succulent salmon fillet grilled to perfection, served with a side of seasonal vegetables and lemon wedges.", "price": "14.99", "image_upload": "", "image_url": "https://img.freepik.com/free-photo/delicious-cooked-fish-meal-front-view_23-2148708626.jpg?t=st=1716179818~exp=1716183418~hmac=028d48ce0b01ebd84288f187bc0f925750b4f16b73519e1027571a2cce997c55&w=996", "restaurant": 1}}, {"model": "restaurant.menuitem", "pk": 8, "fields": {"name": "Classic Caesar Salad", "description": "Crisp romaine lettuce tossed in creamy Caesar dressing, topped with crunchy croutons and Parmesan cheese.", "price": "8.99", "image_upload": "", "image_url": "https://img.freepik.com/free-photo/fried-chicken-with-vegetable_1203-8974.jpg?t=st=1716179781~exp=1716183381~hmac=31ffd0845fb7fc74626fab9c974de9d6b374480eeeb2900260edbaf202f22b4e&w=996", "restaurant": 1}}, {"model": "restaurant.menuitem", "pk": 9, "fields": {"name": "Beef Tacos", "description": "Soft corn tortillas filled with seasoned ground beef, shredded lettuce, diced tomatoes, and shredded cheddar cheese.", "price": "9.99", "image_upload": "", "image_url": "https://img.freepik.com/free-photo/close-up-delicious-tacos_23-2150831105.jpg?t=st=1716182309~exp=1716185909~hmac=dd766a1d5253031e698852a8d84bdbe227d780474b45a42a7a2998825f4ef3c1&w=996", "restaurant": 1}}, {"model": "restaurant.menuitem", "pk": 10, "fields": {"name": "Vegetarian Pizza", "description": "Thin-crust pizza topped with zesty tomato sauce, a medley of fresh vegetables, and melted mozzarella cheese.", "price": "11.99", "image_upload": "", "image_url": "https://img.freepik.com/premium-photo/traditional-italian-pizza-with-shrimp-mozzarella-arugula-dark-blue-stone-table_69064-986.jpg?w=996", "restaurant": 1}}, {"model": "restaurant.menuitem", "pk": 11, "fields": {"name": "Chicken Alfredo Pasta", "description": "Tender chicken breast slices tossed with fettuccine pasta in a creamy Alfredo sauce, garnished with parsley.", "price": "13.99", "image_upload": "", "image_url": "https://img.freepik.com/premium-photo/traditional-italian-dish-spaghetti-carbonara-with-bacon-cream-sauce_124865-1414.jpg?w=996", "restaurant": 2}}, {"model": "restaurant.menuitem", "pk": 12, "fields": {"name": "BBQ Bacon Burger", "description": "Grilled beef patty topped with crispy bacon, melted cheddar cheese, and smoky BBQ sauce, served on a toasted bun.", "price": "10.99", "image_upload": "", "image_url": "https://img.freepik.com/free-photo/grilled-beef-burger-with-fresh-tomato-cheese-salad-generated-by-artificial-intelligence_188544-127596.jpg?t=st=1716179620~exp=1716183220~hmac=ea9a0dc08675e4e727cae656291e9bf568726fe2291f28b216e6b8f2e81c564b&w=996", "restaurant": 2}}, {"model": "restaurant.menuitem", "pk": 13, "fields": {"name": "Caprese Salad", "description": "Slices of ripe tomatoes, fresh mozzarella cheese, and basil leaves drizzled with balsamic glaze and olive oil.", "price": "9.99", "image_upload": "", "image_url": "https://img.freepik.com/free-photo/italian-caprese-salad-with-tomatoes-basil-mozzarella-olives-olive-oil-wooden-board-italian-traditional-caprese-salad-ingredients-mediterranean-organic-natural-food-concept_1150-44847.jpg?t=st=1716182713~exp=1716186313~hmac=b45ed0fb664881488b529e728be9d2465a322f01972e0e7b9f1e08f42360934e&w=996", "restaurant": 2}}, {"model": "restaurant.menuitem", "pk": 14, "fields": {"name": "Vegetable Lasagna", "description": "Layers of lasagna noodles, marinara sauce, mixed vegetables, and creamy ricotta cheese, baked to perfection.", "price": "11.99", "image_upload": "", "image_url": "https://img.freepik.com/free-photo/vegetarian-vegetable-casserole-with-zucchini-mushrooms-cherry-tomatoes_2829-11076.jpg?t=st=1716182735~exp=1716186335~hmac=f15e8fcd4273bbc62f3c81b567fdd0175a7052e09ca30334ae820fee492ee4bf&w=996", "restaurant": 2}}, {"model": "restaurant.menuitem", "pk": 15, "fields": {"name": "Margarita Flatbread", "description": "Crispy flatbread topped with tangy tomato sauce, fresh mozzarella cheese, and basil leaves.", "price": "9.99", "image_upload": "", "image_url": "https://img.freepik.com/free-photo/traditional-lasagna-with-bolognese-sauce-topped-with-basil-leaves-served-white-plate_505751-5134.jpg?t=st=1716179475~exp=1716183075~hmac=b124992c5ed4901b49e54dfdc857d78c933b65570a2bf4ba3672e667102706a5&w=996", "restaurant": 2}}, {"model": "restaurant.menuitem", "pk": 16, "fields": {"name": "Garlic Parmesan Wings", "description": "Crispy chicken wings tossed in garlic Parmesan sauce, served with celery sticks and ranch dressing.", "price": "10.99", "image_upload": "", "image_url": "https://img.freepik.com/free-photo/top-view-fried-chicken-with-nuggets-sauce_23-2148646587.jpg?t=st=1716179341~exp=1716182941~hmac=f8ff0ab470d4c86ea2590b39f7dbd7c8648a6d68ee2f0ba570a6026547557bba&w=996", "restaurant": 2}}, {"model": "restaurant.menuitem", "pk": 17, "fields": {"name": "Greek Salad", "description": "Crisp lettuce, cucumbers, tomatoes, red onions, Kalamata olives, and feta cheese, tossed in Greek vinaigrette.", "price": "9.99", "image_upload": "", "image_url": "https://img.freepik.com/free-photo/top-view-greek-salad-bowl-with-white-cheese-bell-peppers-cucumber-tomato_140725-5129.jpg?t=st=1716179252~exp=1716182852~hmac=525c70bb097fb68315a5954394d2a9473599853b7265b71558022c39ad76c036&w=996", "restaurant": 2}}, {"model": "restaurant.menuitem", "pk": 18, "fields": {"name": "Beef and Broccoli Stir-Fry", "description": "Sliced beef and fresh broccoli florets stir-fried in a savory sauce, served over steamed rice.", "price": "12.99", "image_upload": "", "image_url": "https://img.freepik.com/free-photo/pre-prepared-food-showcasing-ready-eat-delicious-meals-go_23-2151246055.jpg?t=st=1716179131~exp=1716182731~hmac=b2251af090e67892c176785fa09de7af14862fc4e4a7aa222a4914397eaa0208&w=996", "restaurant": 2}}, {"model": "restaurant.menuitem", "pk": 19, "fields": {"name": "Margherita Pizza", "description": "Traditional thin-crust pizza topped with tangy tomato sauce, fresh mozzarella cheese, fragrant basil leaves, and a drizzle of olive oil.", "price": "11.99", "image_upload": "", "image_url": "https://images.unsplash.com/photo-1574071318508-1cdbab80d002?q=80&w=1169&auto=format&fit=crop&ixlib=rb-4.0.3&ixid=M3wxMjA3fDB8MHxwaG90by1wYWdlfHx8fGVufDB8fHx8fA%3D%3D", "restaurant": 2}}, {"model": "restaurant.menuitem", "pk": 20, "fields": {"name": "Fettuccine Carbonara", "description": "Fettuccine pasta tossed in a creamy sauce with crispy bacon, Parmesan cheese, and black pepper.", "price": "12.99", "image_upload": "", "image_url": "https://img.freepik.com/free-photo/salmon-fettuccini-with-cream-sauce-parmesan-avocado_140725-5910.jpg?t=st=1716178955~exp=1716182555~hmac=3c0dbea3b9db1cd8cfb57dbeb29ea35d184a506114ddfc2aa43e6c974b7a0a58&w=996", "restaurant": 2}}, {"model": "restaurant.menuitem", "pk": 21, "fields": {"name": "Sushi Platter", "description": "Assorted nigiri and maki sushi rolls served with pickled ginger, wasabi, and soy sauce.", "price": "16.99", "image_upload": "", "image_url": "https://img.freepik.com/free-photo/sushi-set-with-hot-cold-rolls-wood-platter_140725-1625.jpg?t=st=1716178872~exp=1716182472~hmac=5654587273b254f1413870b652edee0893d9f7d4d8ac71857fe7dbf24ffa3f66&w=996", "restaurant": 3}}, {"model": "restaurant.menuitem", "pk": 22, "fields": {"name": "Pad Thai", "description": "Stir-fried rice noodles with shrimp, tofu, bean sprouts, and peanuts in a tangy tamarind sauce.", "price": "13.99", "image_upload": "", "image_url": "https://img.freepik.com/free-photo/plate-noodles-with-lime-side_188544-25389.jpg?t=st=1716178844~exp=1716182444~hmac=14832ec04c222700dd18618989cdf037cac5509ce645aa7e87d2d696119938d3&w=996", "restaurant": 3}}, {"model": "restaurant.menuitem", "pk": 23, "fields": {"name": "Beef Teriyaki Bowl", "description": "Grilled beef slices glazed in teriyaki sauce, served over steamed rice with stir-fried vegetables.", "price": "14.99", "image_upload": "", "image_url": "https://img.freepik.com/free-photo/grilled-meat-vegetables-plate-healthy-meal-generated-by-artificial-intelligence_188544-239893.jpg?t=st=1716178799~exp=1716182399~hmac=2e2238acb95973f3c131d1b60a5ac1170dcd121dd02cedb1f9295498beb1707d&w=996", "restaurant": 3}}, {"model": "restaurant.menuitem", "pk": 24, "fields": {"name": "Chicken Katsu", "description": "Breaded and fried chicken cutlet served with tonkatsu sauce, shredded cabbage, and steamed rice.", "price": "12.99", "image_upload": "", "image_url": "https://img.freepik.com/free-photo/crispy-chicken-nugget-garnished-with-fresh-herbs_140725-1327.jpg?t=st=1716177772~exp=1716181372~hmac=cb068cbbc5fb6b49ee2235d207bab842d79c7546b1e97712ec9613b4a5db4b4f&w=996", "restaurant": 3}}, {"model": "restaurant.menuitem", "pk": 25, "fields": {"name": "Vegetable Tempura", "description": "Assorted vegetables dipped in a light tempura batter and fried until crispy, served with tempura dipping sauce.", "price": "10.99", "image_upload": "", "image_url": "https://plus.unsplash.com/premium_photo-1667807522888-911d7e8f0791?q=80&w=1219&auto=format&fit=crop&ixlib=rb-4.0.3&ixid=M3wxMjA3fDB8MHxwaG90by1wYWdlfHx8fGVufDB8fHx8fA%3D%3D", "restaurant": 3}}, {"model": "restaurant.order", "pk": 1, "fields": {"user": 4, "full_name": "John Doe", "address": "123 Main St", "city": "Melbourne", "state_province": "VIC", "zip_postal_code": "12345", "created_at": "2024-05-28T05:12:36.942Z", "total_amount": "29.97", "status": "Received"}}, {"model": "restaurant.orderitem", "pk": 1, "fields": {"order": 1, "menu_item": 1, "quantity": 3}}, {"model": "restaurant.feedback", "pk": 1, "fields": {"user": 4, "order": null, "rating": 4, "comment": "", "created_at": "2024-05-28T05:13:01.825Z"}}]